{
  "minecraft:adventure/root": {
    "criteria": {
      "killed_something": "2025-01-25 23:23:54 +0000"
    },
    "done": true
  },
  "minecraft:adventure/kill_a_mob": {
    "criteria": {
      "zombie": "2025-01-25 23:23:54 +0000"
    },
    "done": true
  },
  "minecraft:adventure/kill_all_mobs": {
    "criteria": {
      "zombie": "2025-01-25 23:23:54 +0000"
    },
    "done": false
  },
  "minecraft:adventure/adventuring_time": {
    "criteria": {
      "forest": "2025-01-25 23:23:24 +0000",
      "stone_beach": "2025-01-25 23:23:57 +0000"
    },
    "done": false
  }
}