{"stat.pickup.minecraft.bone":1,"stat.leaveGame":5,"stat.pickup.minecraft.gravel":23,"stat.pickup.minecraft.arrow":1,"stat.mineBlock.minecraft.cobblestone":4,"stat.pickup.minecraft.flint":3,"stat.jump":1063,"stat.swimOneCm":9679,"stat.fallOneCm":38004,"stat.pickup.minecraft.porkchop":6,"stat.crouchOneCm":1284,"stat.pickup.minecraft.golden_helmet":3,"stat.pickup.minecraft.dirt":9,"stat.useItem.minecraft.dirt":2,"stat.useItem.minecraft.stone_slab2":6,"stat.craftingTableInteraction":3,"stat.pickup.minecraft.rotten_flesh":2,"stat.entityKilledBy.Spider":1,"stat.damageTaken":3054,"stat.craftItem.minecraft.stone_pickaxe":1,"stat.useItem.minecraft.wooden_pickaxe":5,"stat.pickup.minecraft.cobblestone":12,"stat.flyOneCm":190861,"stat.entityKilledBy.Zombie":2,"stat.mineBlock.minecraft.gravel":9,"stat.useItem.minecraft.stone_pickaxe":7,"stat.damageDealt":1284,"stat.timeSinceDeath":3608,"stat.killEntity.Cow":1,"stat.mineBlock.minecraft.dirt":9,"stat.craftItem.minecraft.wooden_pickaxe":1,"stat.pickup.minecraft.double_plant":1,"stat.walkOneCm":62739,"stat.pickup.minecraft.crafting_table":1,"stat.useItem.minecraft.cobblestone":5,"stat.drop.minecraft.gravel":1,"stat.craftItem.minecraft.crafting_table":1,"stat.useItem.minecraft.gravel":6,"stat.pickup.minecraft.log":3,"stat.pickup.minecraft.beef":1,"stat.entityKilledBy.Skeleton":5,"stat.sprintOneCm":86641,"stat.craftItem.minecraft.stick":4,"stat.craftItem.minecraft.planks":12,"stat.killEntity.Spider":1,"stat.mineBlock.minecraft.crafting_table":1,"stat.mobKills":5,"stat.mineBlock.minecraft.log":3,"stat.entityKilledBy.Creeper":1,"stat.useItem.minecraft.beef":1,"stat.deaths":11,"stat.drop":1,"stat.mineBlock.minecraft.leaves":3,"stat.playOneMinute":69586,"stat.sneakTime":632,"stat.killEntity.Zombie":1,"stat.mineBlock.minecraft.stone":2,"stat.mineBlock.minecraft.tallgrass":2,"stat.diveOneCm":9177}